{
  "BTC/USDT": {
    "regime": "neutral",
    "mean": 100990.21005363767,
    "std": 947.9278008859469,
    "atr": 102.50092192084092,
    "last": 101434.3136014949
  },
  "ETH/USDT": {
    "regime": "bear",
    "mean": 3528.2370298824308,
    "std": 30.158158739597088,
    "atr": 3.5221305458128724,
    "last": 3459.501007664532
  },
  "SOL/USDT": {
    "regime": "bull",
    "mean": 151.272129468197,
    "std": 1.234947121842159,
    "atr": 0.1524295759089324,
    "last": 154.6285203350549
  },
  "XRP/USDT": {
    "regime": "bull",
    "mean": 0.6012685298054444,
    "std": 0.0030652181806169656,
    "atr": 0.000593090251039567,
    "last": 0.6050203386508518
  },
  "DOGE/USDT": {
    "regime": "bull",
    "mean": 0.12038716001059242,
    "std": 0.0004564900630355302,
    "atr": 0.00012084701637249874,
    "last": 0.12110536557197614
  }
}